Time;Deep_0_0;Deep_0_1;Input_0;Input_1;Output_0;Output_1;Load;Oil.ElectricityPrice;Gas.ElectricityPrice;Reseau.ElectricityPrice;Poubelle.ElectricityPrice;zero
0.0;1.608211636543274;1.364916443824768;0.4;0.8;1.608211636543274;1.364916443824768;0.4;1.0;0.5;1000.0;-1000.0;0.0
3600.0;1.608211636543274;1.364916443824768;0.4;0.8;1.608211636543274;1.364916443824768;0.4;1.0;0.5;1000.0;-1000.0;0.0
7200.0;1.608211636543274;1.364916443824768;0.4;0.8;1.608211636543274;1.364916443824768;0.4;1.0;0.5;1000.0;-1000.0;0.0
10800.0;1.608211636543274;1.364916443824768;0.4;0.8;1.608211636543274;1.364916443824768;0.4;1.0;0.5;1000.0;-1000.0;0.0
14400.0;1.608211636543274;1.364916443824768;0.4;0.8;1.608211636543274;1.364916443824768;0.4;1.0;0.5;1000.0;-1000.0;0.0
18000.0;1.608211636543274;1.364916443824768;0.4;0.8;1.608211636543274;1.364916443824768;0.4;1.0;0.5;1000.0;-1000.0;0.0
21600.0;1.6912213563919067;1.4147217273712158;0.523529411764705;1.04705882352941;1.6912213563919067;1.4147217273712158;0.523529411764705;1.0;0.5;1000.0;-1000.0;0.0
25200.0;2.011401653289795;1.6068274974822998;1.0;2.0;2.011401653289795;1.6068274974822998;1.0;1.0;0.5;1000.0;-1000.0;0.0
28800.0;2.011401653289795;1.6068274974822998;1.0;2.0;2.011401653289795;1.6068274974822998;1.0;1.0;0.5;1000.0;-1000.0;0.0
32400.0;1.7090091705322266;1.4253942966461182;0.55;1.1;1.7090091705322266;1.4253942966461182;0.55;1.0;0.5;1000.0;-1000.0;0.0
36000.0;1.608211636543274;1.364916443824768;0.4;0.8;1.608211636543274;1.364916443824768;0.4;1.0;0.5;1000.0;-1000.0;0.0
39600.0;1.608211636543274;1.364916443824768;0.4;0.8;1.608211636543274;1.364916443824768;0.4;1.0;0.5;1000.0;-1000.0;0.0
43200.0;1.608211636543274;1.364916443824768;0.4;0.8;1.608211636543274;1.364916443824768;0.4;1.0;0.5;1000.0;-1000.0;0.0
46800.0;1.608211636543274;1.364916443824768;0.4;0.8;1.608211636543274;1.364916443824768;0.4;1.0;0.5;1000.0;-1000.0;0.0
50400.0;1.608211636543274;1.364916443824768;0.4;0.8;1.608211636543274;1.364916443824768;0.4;1.0;0.5;1000.0;-1000.0;0.0
54000.0;1.608211636543274;1.364916443824768;0.4;0.8;1.608211636543274;1.364916443824768;0.4;1.0;0.5;1000.0;-1000.0;0.0
57600.0;1.608211636543274;1.364916443824768;0.4;0.8;1.608211636543274;1.364916443824768;0.4;1.0;0.5;1000.0;-1000.0;0.0
61200.0;1.8658052682876587;1.5194706916809082;0.783333333333333;1.566666666666666;1.8658052682876587;1.5194706916809082;0.783333333333333;1.0;0.5;1000.0;-1000.0;0.0
64800.0;2.011401653289795;1.6068274974822998;1.0;2.0;2.011401653289795;1.6068274974822998;1.0;1.0;0.5;1000.0;-1000.0;0.0
68400.0;2.011401653289795;1.6068274974822998;1.0;2.0;2.011401653289795;1.6068274974822998;1.0;1.0;0.5;1000.0;-1000.0;0.0
72000.0;2.011401653289795;1.6068274974822998;1.0;2.0;2.011401653289795;1.6068274974822998;1.0;1.0;0.5;1000.0;-1000.0;0.0
75600.0;2.011401653289795;1.6068274974822998;1.0;2.0;2.011401653289795;1.6068274974822998;1.0;1.0;0.5;1000.0;-1000.0;0.0
79200.0;2.011401653289795;1.6068274974822998;1.0;2.0;2.011401653289795;1.6068274974822998;1.0;1.0;0.5;1000.0;-1000.0;0.0
82800.0;1.9893221855163574;1.5935800075531006;0.967142857142857;1.934285714285714;1.9893221855163574;1.5935800075531006;0.967142857142857;1.0;0.5;1000.0;-1000.0;0.0
86400.0;1.913964033126831;1.548365592956543;0.855;1.71;1.913964033126831;1.548365592956543;0.855;1.0;0.5;1000.0;-1000.0;0.0
90000.0;1.8243663311004639;1.49460768699646;0.721666666666666;1.443333333333332;1.8243663311004639;1.49460768699646;0.721666666666666;1.0;0.5;1000.0;-1000.0;0.0
93600.0;1.7553013563156128;1.4531692266464233;0.618888888888888;1.237777777777776;1.7553013563156128;1.4531692266464233;0.618888888888888;1.0;0.5;1000.0;-1000.0;0.0
97200.0;1.7426083087921143;1.4455535411834717;0.6;1.2;1.7426083087921143;1.4455535411834717;0.6;1.0;0.5;1000.0;-1000.0;0.0
100800.0;1.7426083087921143;1.4455535411834717;0.6;1.2;1.7426083087921143;1.4455535411834717;0.6;1.0;0.5;1000.0;-1000.0;0.0
104400.0;1.7426083087921143;1.4455535411834717;0.6;1.2;1.7426083087921143;1.4455535411834717;0.6;1.0;0.5;1000.0;-1000.0;0.0
108000.0;1.7426083087921143;1.4455535411834717;0.6;1.2;1.7426083087921143;1.4455535411834717;0.6;1.0;0.5;1000.0;-1000.0;0.0
111600.0;1.7426083087921143;1.4455535411834717;0.6;1.2;1.7426083087921143;1.4455535411834717;0.6;1.0;0.5;1000.0;-1000.0;0.0
115200.0;1.7646877765655518;1.458801031112671;0.632857142857142;1.265714285714284;1.7646877765655518;1.458801031112671;0.632857142857142;1.0;0.5;1000.0;-1000.0;0.0
118800.0;1.8400459289550781;1.504015326499939;0.745;1.49;1.8400459289550781;1.504015326499939;0.745;1.0;0.5;1000.0;-1000.0;0.0
122400.0;1.9296436309814453;1.5577733516693115;0.878333333333333;1.756666666666666;1.9296436309814453;1.5577733516693115;0.878333333333333;1.0;0.5;1000.0;-1000.0;0.0
126000.0;1.9987086057662964;1.5992116928100586;0.981111111111111;1.962222222222222;1.9987086057662964;1.5992116928100586;0.981111111111111;1.0;0.5;1000.0;-1000.0;0.0
129600.0;2.011401653289795;1.6068274974822998;1.0;2.0;2.011401653289795;1.6068274974822998;1.0;1.0;0.5;1000.0;-1000.0;0.0
133200.0;2.011401653289795;1.6068274974822998;1.0;2.0;2.011401653289795;1.6068274974822998;1.0;1.0;0.5;1000.0;-1000.0;0.0
136800.0;2.011401653289795;1.6068274974822998;1.0;2.0;2.011401653289795;1.6068274974822998;1.0;1.0;0.5;1000.0;-1000.0;0.0
140400.0;2.011401653289795;1.6068274974822998;1.0;2.0;2.011401653289795;1.6068274974822998;1.0;1.0;0.5;1000.0;-1000.0;0.0
144000.0;2.011401653289795;1.6068274974822998;1.0;2.0;2.011401653289795;1.6068274974822998;1.0;1.0;0.5;1000.0;-1000.0;0.0
147600.0;2.011401653289795;1.6068274974822998;1.0;2.0;2.011401653289795;1.6068274974822998;1.0;1.0;0.5;1000.0;-1000.0;0.0
151200.0;2.011401653289795;1.6068274974822998;1.0;2.0;2.011401653289795;1.6068274974822998;1.0;1.0;0.5;1000.0;-1000.0;0.0
154800.0;2.011401653289795;1.6068274974822998;1.0;2.0;2.011401653289795;1.6068274974822998;1.0;1.0;0.5;1000.0;-1000.0;0.0
158400.0;2.011401653289795;1.6068274974822998;1.0;2.0;2.011401653289795;1.6068274974822998;1.0;1.0;0.5;1000.0;-1000.0;0.0
162000.0;2.011401653289795;1.6068274974822998;1.0;2.0;2.011401653289795;1.6068274974822998;1.0;1.0;0.5;1000.0;-1000.0;0.0
165600.0;2.011401653289795;1.6068274974822998;1.0;2.0;2.011401653289795;1.6068274974822998;1.0;1.0;0.5;1000.0;-1000.0;0.0
169200.0;2.011401653289795;1.6068274974822998;1.0;2.0;2.011401653289795;1.6068274974822998;1.0;1.0;0.5;1000.0;-1000.0;0.0
172800.0;2.011401653289795;1.6068274974822998;1.0;2.0;2.011401653289795;1.6068274974822998;1.0;1.0;0.5;1000.0;-1000.0;0.0
176400.0;2.011401653289795;1.6068274974822998;1.0;2.0;2.011401653289795;1.6068274974822998;1.0;1.0;0.5;1000.0;-1000.0;0.0
180000.0;2.011401653289795;1.6068274974822998;1.0;2.0;2.011401653289795;1.6068274974822998;1.0;1.0;0.5;1000.0;-1000.0;0.0
183600.0;2.011401653289795;1.6068274974822998;1.0;2.0;2.011401653289795;1.6068274974822998;1.0;1.0;0.5;1000.0;-1000.0;0.0
187200.0;2.011401653289795;1.6068274974822998;1.0;2.0;2.011401653289795;1.6068274974822998;1.0;1.0;0.5;1000.0;-1000.0;0.0
190800.0;2.011401653289795;1.6068274974822998;1.0;2.0;2.011401653289795;1.6068274974822998;1.0;1.0;0.5;1000.0;-1000.0;0.0
194400.0;2.011401653289795;1.6068274974822998;1.0;2.0;2.011401653289795;1.6068274974822998;1.0;1.0;0.5;1000.0;-1000.0;0.0
198000.0;2.011401653289795;1.6068274974822998;1.0;2.0;2.011401653289795;1.6068274974822998;1.0;1.0;0.5;1000.0;-1000.0;0.0
201600.0;2.011401653289795;1.6068274974822998;1.0;2.0;2.011401653289795;1.6068274974822998;1.0;1.0;0.5;1000.0;-1000.0;0.0
205200.0;2.011401653289795;1.6068274974822998;1.0;2.0;2.011401653289795;1.6068274974822998;1.0;1.0;0.5;1000.0;-1000.0;0.0
208800.0;2.011401653289795;1.6068274974822998;1.0;2.0;2.011401653289795;1.6068274974822998;1.0;1.0;0.5;1000.0;-1000.0;0.0
212400.0;2.011401653289795;1.6068274974822998;1.0;2.0;2.011401653289795;1.6068274974822998;1.0;1.0;0.5;1000.0;-1000.0;0.0
216000.0;2.011401653289795;1.6068274974822998;1.0;2.0;2.011401653289795;1.6068274974822998;1.0;1.0;0.5;1000.0;-1000.0;0.0
219600.0;2.011401653289795;1.6068274974822998;1.0;2.0;2.011401653289795;1.6068274974822998;1.0;1.0;0.5;1000.0;-1000.0;0.0
223200.0;2.011401653289795;1.6068274974822998;1.0;2.0;2.011401653289795;1.6068274974822998;1.0;1.0;0.5;1000.0;-1000.0;0.0
226800.0;2.011401653289795;1.6068274974822998;1.0;2.0;2.011401653289795;1.6068274974822998;1.0;1.0;0.5;1000.0;-1000.0;0.0
230400.0;2.011401653289795;1.6068274974822998;1.0;2.0;2.011401653289795;1.6068274974822998;1.0;1.0;0.5;1000.0;-1000.0;0.0
234000.0;2.011401653289795;1.6068274974822998;1.0;2.0;2.011401653289795;1.6068274974822998;1.0;1.0;0.5;1000.0;-1000.0;0.0
237600.0;2.011401653289795;1.6068274974822998;1.0;2.0;2.011401653289795;1.6068274974822998;1.0;1.0;0.5;1000.0;-1000.0;0.0
241200.0;2.011401653289795;1.6068274974822998;1.0;2.0;2.011401653289795;1.6068274974822998;1.0;1.0;0.5;1000.0;-1000.0;0.0
244800.0;2.011401653289795;1.6068274974822998;1.0;2.0;2.011401653289795;1.6068274974822998;1.0;1.0;0.5;1000.0;-1000.0;0.0
248400.0;2.011401653289795;1.6068274974822998;1.0;2.0;2.011401653289795;1.6068274974822998;1.0;1.0;0.5;1000.0;-1000.0;0.0
252000.0;2.011401653289795;1.6068274974822998;1.0;2.0;2.011401653289795;1.6068274974822998;1.0;1.0;0.5;1000.0;-1000.0;0.0
255600.0;2.011401653289795;1.6068274974822998;1.0;2.0;2.011401653289795;1.6068274974822998;1.0;1.0;0.5;1000.0;-1000.0;0.0
259200.0;2.011401653289795;1.6068274974822998;1.0;2.0;2.011401653289795;1.6068274974822998;1.0;1.0;0.5;1000.0;-1000.0;0.0
262800.0;2.011401653289795;1.6068274974822998;1.0;2.0;2.011401653289795;1.6068274974822998;1.0;1.0;0.5;1000.0;-1000.0;0.0
266400.0;2.011401653289795;1.6068274974822998;1.0;2.0;2.011401653289795;1.6068274974822998;1.0;1.0;0.5;1000.0;-1000.0;0.0
270000.0;2.011401653289795;1.6068274974822998;1.0;2.0;2.011401653289795;1.6068274974822998;1.0;1.0;0.5;1000.0;-1000.0;0.0
273600.0;2.011401653289795;1.6068274974822998;1.0;2.0;2.011401653289795;1.6068274974822998;1.0;1.0;0.5;1000.0;-1000.0;0.0
277200.0;2.011401653289795;1.6068274974822998;1.0;2.0;2.011401653289795;1.6068274974822998;1.0;1.0;0.5;1000.0;-1000.0;0.0
280800.0;2.011401653289795;1.6068274974822998;1.0;2.0;2.011401653289795;1.6068274974822998;1.0;1.0;0.5;1000.0;-1000.0;0.0
284400.0;2.011401653289795;1.6068274974822998;1.0;2.0;2.011401653289795;1.6068274974822998;1.0;1.0;0.5;1000.0;-1000.0;0.0
288000.0;2.011401653289795;1.6068274974822998;1.0;2.0;2.011401653289795;1.6068274974822998;1.0;1.0;0.5;1000.0;-1000.0;0.0
291600.0;2.011401653289795;1.6068274974822998;1.0;2.0;2.011401653289795;1.6068274974822998;1.0;1.0;0.5;1000.0;-1000.0;0.0
295200.0;2.011401653289795;1.6068274974822998;1.0;2.0;2.011401653289795;1.6068274974822998;1.0;1.0;0.5;1000.0;-1000.0;0.0
298800.0;2.011401653289795;1.6068274974822998;1.0;2.0;2.011401653289795;1.6068274974822998;1.0;1.0;0.5;1000.0;-1000.0;0.0
302400.0;2.011401653289795;1.6068274974822998;1.0;2.0;2.011401653289795;1.6068274974822998;1.0;1.0;0.5;1000.0;-1000.0;0.0
306000.0;2.011401653289795;1.6068274974822998;1.0;2.0;2.011401653289795;1.6068274974822998;1.0;1.0;0.5;1000.0;-1000.0;0.0
309600.0;2.011401653289795;1.6068274974822998;1.0;2.0;2.011401653289795;1.6068274974822998;1.0;1.0;0.5;1000.0;-1000.0;0.0
313200.0;2.011401653289795;1.6068274974822998;1.0;2.0;2.011401653289795;1.6068274974822998;1.0;1.0;0.5;1000.0;-1000.0;0.0
316800.0;1.8812618255615234;1.5287445783615112;0.806334841628959;1.612669683257918;1.8812618255615234;1.5287445783615112;0.806334841628959;1.0;0.5;1000.0;-1000.0;0.0
320400.0;1.7426083087921143;1.4455535411834717;0.6;1.2;1.7426083087921143;1.4455535411834717;0.6;1.0;0.5;1000.0;-1000.0;0.0
324000.0;1.7426083087921143;1.4455535411834717;0.6;1.2;1.7426083087921143;1.4455535411834717;0.6;1.0;0.5;1000.0;-1000.0;0.0
327600.0;1.7426083087921143;1.4455535411834717;0.6;1.2;1.7426083087921143;1.4455535411834717;0.6;1.0;0.5;1000.0;-1000.0;0.0
331200.0;1.7426083087921143;1.4455535411834717;0.6;1.2;1.7426083087921143;1.4455535411834717;0.6;1.0;0.5;1000.0;-1000.0;0.0
334800.0;1.7426083087921143;1.4455535411834717;0.6;1.2;1.7426083087921143;1.4455535411834717;0.6;1.0;0.5;1000.0;-1000.0;0.0
338400.0;1.7426083087921143;1.4455535411834717;0.6;1.2;1.7426083087921143;1.4455535411834717;0.6;1.0;0.5;1000.0;-1000.0;0.0
342000.0;1.7426083087921143;1.4455535411834717;0.6;1.2;1.7426083087921143;1.4455535411834717;0.6;1.0;0.5;1000.0;-1000.0;0.0
345600.0;1.825313925743103;1.4951763153076172;0.723076923076923;1.446153846153846;1.825313925743103;1.4951763153076172;0.723076923076923;1.0;0.5;1000.0;-1000.0;0.0
349200.0;2.011401653289795;1.6068274974822998;1.0;2.0;2.011401653289795;1.6068274974822998;1.0;1.0;0.5;1000.0;-1000.0;0.0
352800.0;2.011401653289795;1.6068274974822998;1.0;2.0;2.011401653289795;1.6068274974822998;1.0;1.0;0.5;1000.0;-1000.0;0.0
356400.0;2.011401653289795;1.6068274974822998;1.0;2.0;2.011401653289795;1.6068274974822998;1.0;1.0;0.5;1000.0;-1000.0;0.0
360000.0;2.011401653289795;1.6068274974822998;1.0;2.0;2.011401653289795;1.6068274974822998;1.0;1.0;0.5;1000.0;-1000.0;0.0
363600.0;2.011401653289795;1.6068274974822998;1.0;2.0;2.011401653289795;1.6068274974822998;1.0;1.0;0.5;1000.0;-1000.0;0.0
367200.0;2.011401653289795;1.6068274974822998;1.0;2.0;2.011401653289795;1.6068274974822998;1.0;1.0;0.5;1000.0;-1000.0;0.0
370800.0;2.011401653289795;1.6068274974822998;1.0;2.0;2.011401653289795;1.6068274974822998;1.0;1.0;0.5;1000.0;-1000.0;0.0
374400.0;2.011401653289795;1.6068274974822998;1.0;2.0;2.011401653289795;1.6068274974822998;1.0;1.0;0.5;1000.0;-1000.0;0.0
378000.0;2.011401653289795;1.6068274974822998;1.0;2.0;2.011401653289795;1.6068274974822998;1.0;1.0;0.5;1000.0;-1000.0;0.0
381600.0;2.011401653289795;1.6068274974822998;1.0;2.0;2.011401653289795;1.6068274974822998;1.0;1.0;0.5;1000.0;-1000.0;0.0
385200.0;2.011401653289795;1.6068274974822998;1.0;2.0;2.011401653289795;1.6068274974822998;1.0;1.0;0.5;1000.0;-1000.0;0.0
388800.0;2.011401653289795;1.6068274974822998;1.0;2.0;2.011401653289795;1.6068274974822998;1.0;1.0;0.5;1000.0;-1000.0;0.0
392400.0;1.9830522537231445;1.5898181200027466;0.9578125;1.915625;1.9830522537231445;1.5898181200027466;0.9578125;1.0;0.5;1000.0;-1000.0;0.0
396000.0;1.8098065853118896;1.4858720302581787;0.7;1.4;1.8098065853118896;1.4858720302581787;0.7;1.0;0.5;1000.0;-1000.0;0.0
399600.0;1.8098065853118896;1.4858720302581787;0.7;1.4;1.8098065853118896;1.4858720302581787;0.7;1.0;0.5;1000.0;-1000.0;0.0
403200.0;1.8098065853118896;1.4858720302581787;0.7;1.4;1.8098065853118896;1.4858720302581787;0.7;1.0;0.5;1000.0;-1000.0;0.0
406800.0;1.8098065853118896;1.4858720302581787;0.7;1.4;1.8098065853118896;1.4858720302581787;0.7;1.0;0.5;1000.0;-1000.0;0.0
410400.0;1.8098065853118896;1.4858720302581787;0.7;1.4;1.8098065853118896;1.4858720302581787;0.7;1.0;0.5;1000.0;-1000.0;0.0
414000.0;1.8098065853118896;1.4858720302581787;0.7;1.4;1.8098065853118896;1.4858720302581787;0.7;1.0;0.5;1000.0;-1000.0;0.0
417600.0;1.8098065853118896;1.4858720302581787;0.7;1.4;1.8098065853118896;1.4858720302581787;0.7;1.0;0.5;1000.0;-1000.0;0.0
421200.0;1.8098065853118896;1.4858720302581787;0.7;1.4;1.8098065853118896;1.4858720302581787;0.7;1.0;0.5;1000.0;-1000.0;0.0
424800.0;1.9641528129577637;1.5784785747528076;0.9296875;1.859375;1.9641528129577637;1.5784785747528076;0.9296875;1.0;0.5;1000.0;-1000.0;0.0
428400.0;2.011401653289795;1.6068274974822998;1.0;2.0;2.011401653289795;1.6068274974822998;1.0;1.0;0.5;1000.0;-1000.0;0.0
432000.0;2.011401653289795;1.6068274974822998;1.0;2.0;2.011401653289795;1.6068274974822998;1.0;1.0;0.5;1000.0;-1000.0;0.0
435600.0;2.011401653289795;1.6068274974822998;1.0;2.0;2.011401653289795;1.6068274974822998;1.0;1.0;0.5;1000.0;-1000.0;0.0
439200.0;2.011401653289795;1.6068274974822998;1.0;2.0;2.011401653289795;1.6068274974822998;1.0;1.0;0.5;1000.0;-1000.0;0.0
442800.0;2.011401653289795;1.6068274974822998;1.0;2.0;2.011401653289795;1.6068274974822998;1.0;1.0;0.5;1000.0;-1000.0;0.0
446400.0;2.011401653289795;1.6068274974822998;1.0;2.0;2.011401653289795;1.6068274974822998;1.0;1.0;0.5;1000.0;-1000.0;0.0
450000.0;1.82870614528656;1.4972115755081177;0.728125;1.45625;1.82870614528656;1.4972115755081177;0.728125;1.0;0.5;1000.0;-1000.0;0.0
453600.0;1.7426083087921143;1.4455535411834717;0.6;1.2;1.7426083087921143;1.4455535411834717;0.6;1.0;0.5;1000.0;-1000.0;0.0
457200.0;1.7426083087921143;1.4455535411834717;0.6;1.2;1.7426083087921143;1.4455535411834717;0.6;1.0;0.5;1000.0;-1000.0;0.0
460800.0;1.7426083087921143;1.4455535411834717;0.6;1.2;1.7426083087921143;1.4455535411834717;0.6;1.0;0.5;1000.0;-1000.0;0.0
464400.0;1.7426083087921143;1.4455535411834717;0.6;1.2;1.7426083087921143;1.4455535411834717;0.6;1.0;0.5;1000.0;-1000.0;0.0
468000.0;1.7426083087921143;1.4455535411834717;0.6;1.2;1.7426083087921143;1.4455535411834717;0.6;1.0;0.5;1000.0;-1000.0;0.0
471600.0;1.9016443490982056;1.5409739017486572;0.836666666666666;1.673333333333332;1.9016443490982056;1.5409739017486572;0.836666666666666;1.0;0.5;1000.0;-1000.0;0.0
475200.0;2.011401653289795;1.6068274974822998;1.0;2.0;2.011401653289795;1.6068274974822998;1.0;1.0;0.5;1000.0;-1000.0;0.0
478800.0;2.011401653289795;1.6068274974822998;1.0;2.0;2.011401653289795;1.6068274974822998;1.0;1.0;0.5;1000.0;-1000.0;0.0
482400.0;2.011401653289795;1.6068274974822998;1.0;2.0;2.011401653289795;1.6068274974822998;1.0;1.0;0.5;1000.0;-1000.0;0.0
486000.0;2.011401653289795;1.6068274974822998;1.0;2.0;2.011401653289795;1.6068274974822998;1.0;1.0;0.5;1000.0;-1000.0;0.0
489600.0;1.94420325756073;1.5665090084075928;0.9;1.8;1.94420325756073;1.5665090084075928;0.9;1.0;0.5;1000.0;-1000.0;0.0
493200.0;1.8770049810409546;1.5261905193328857;0.8;1.6;1.8770049810409546;1.5261905193328857;0.8;1.0;0.5;1000.0;-1000.0;0.0
496800.0;1.8770049810409546;1.5261905193328857;0.8;1.6;1.8770049810409546;1.5261905193328857;0.8;1.0;0.5;1000.0;-1000.0;0.0
500400.0;1.8770049810409546;1.5261905193328857;0.8;1.6;1.8770049810409546;1.5261905193328857;0.8;1.0;0.5;1000.0;-1000.0;0.0
504000.0;1.8770049810409546;1.5261905193328857;0.8;1.6;1.8770049810409546;1.5261905193328857;0.8;1.0;0.5;1000.0;-1000.0;0.0
507600.0;1.8770049810409546;1.5261905193328857;0.8;1.6;1.8770049810409546;1.5261905193328857;0.8;1.0;0.5;1000.0;-1000.0;0.0
511200.0;1.8770049810409546;1.5261905193328857;0.8;1.6;1.8770049810409546;1.5261905193328857;0.8;1.0;0.5;1000.0;-1000.0;0.0
514800.0;1.8770049810409546;1.5261905193328857;0.8;1.6;1.8770049810409546;1.5261905193328857;0.8;1.0;0.5;1000.0;-1000.0;0.0
518400.0;1.9352434873580933;1.5611331462860107;0.886666666666666;1.773333333333332;1.9352434873580933;1.5611331462860107;0.886666666666666;1.0;0.5;1000.0;-1000.0;0.0
522000.0;2.011401653289795;1.6068274974822998;1.0;2.0;2.011401653289795;1.6068274974822998;1.0;1.0;0.5;1000.0;-1000.0;0.0
525600.0;2.011401653289795;1.6068274974822998;1.0;2.0;2.011401653289795;1.6068274974822998;1.0;1.0;0.5;1000.0;-1000.0;0.0
529200.0;2.011401653289795;1.6068274974822998;1.0;2.0;2.011401653289795;1.6068274974822998;1.0;1.0;0.5;1000.0;-1000.0;0.0
532800.0;2.011401653289795;1.6068274974822998;1.0;2.0;2.011401653289795;1.6068274974822998;1.0;1.0;0.5;1000.0;-1000.0;0.0
536400.0;2.011401653289795;1.6068274974822998;1.0;2.0;2.011401653289795;1.6068274974822998;1.0;1.0;0.5;1000.0;-1000.0;0.0
540000.0;2.011401653289795;1.6068274974822998;1.0;2.0;2.011401653289795;1.6068274974822998;1.0;1.0;0.5;1000.0;-1000.0;0.0
543600.0;2.011401653289795;1.6068274974822998;1.0;2.0;2.011401653289795;1.6068274974822998;1.0;1.0;0.5;1000.0;-1000.0;0.0
547200.0;2.011401653289795;1.6068274974822998;1.0;2.0;2.011401653289795;1.6068274974822998;1.0;1.0;0.5;1000.0;-1000.0;0.0
550800.0;2.011401653289795;1.6068274974822998;1.0;2.0;2.011401653289795;1.6068274974822998;1.0;1.0;0.5;1000.0;-1000.0;0.0
554400.0;2.011401653289795;1.6068274974822998;1.0;2.0;2.011401653289795;1.6068274974822998;1.0;1.0;0.5;1000.0;-1000.0;0.0
558000.0;2.011401653289795;1.6068274974822998;1.0;2.0;2.011401653289795;1.6068274974822998;1.0;1.0;0.5;1000.0;-1000.0;0.0
561600.0;2.011401653289795;1.6068274974822998;1.0;2.0;2.011401653289795;1.6068274974822998;1.0;1.0;0.5;1000.0;-1000.0;0.0
565200.0;2.011401653289795;1.6068274974822998;1.0;2.0;2.011401653289795;1.6068274974822998;1.0;1.0;0.5;1000.0;-1000.0;0.0
568800.0;2.011401653289795;1.6068274974822998;1.0;2.0;2.011401653289795;1.6068274974822998;1.0;1.0;0.5;1000.0;-1000.0;0.0
572400.0;2.011401653289795;1.6068274974822998;1.0;2.0;2.011401653289795;1.6068274974822998;1.0;1.0;0.5;1000.0;-1000.0;0.0
576000.0;2.011401653289795;1.6068274974822998;1.0;2.0;2.011401653289795;1.6068274974822998;1.0;1.0;0.5;1000.0;-1000.0;0.0
579600.0;2.011401653289795;1.6068274974822998;1.0;2.0;2.011401653289795;1.6068274974822998;1.0;1.0;0.5;1000.0;-1000.0;0.0
583200.0;2.011401653289795;1.6068274974822998;1.0;2.0;2.011401653289795;1.6068274974822998;1.0;1.0;0.5;1000.0;-1000.0;0.0
586800.0;2.011401653289795;1.6068274974822998;1.0;2.0;2.011401653289795;1.6068274974822998;1.0;1.0;0.5;1000.0;-1000.0;0.0
590400.0;2.011401653289795;1.6068274974822998;1.0;2.0;2.011401653289795;1.6068274974822998;1.0;1.0;0.5;1000.0;-1000.0;0.0
594000.0;2.011401653289795;1.6068274974822998;1.0;2.0;2.011401653289795;1.6068274974822998;1.0;1.0;0.5;1000.0;-1000.0;0.0
597600.0;2.011401653289795;1.6068274974822998;1.0;2.0;2.011401653289795;1.6068274974822998;1.0;1.0;0.5;1000.0;-1000.0;0.0
601200.0;2.011401653289795;1.6068274974822998;1.0;2.0;2.011401653289795;1.6068274974822998;1.0;1.0;0.5;1000.0;-1000.0;0.0
604800.0;2.011401653289795;1.6068274974822998;1.0;2.0;2.011401653289795;1.6068274974822998;1.0;1.0;0.5;1000.0;-1000.0;0.0
608400.0;2.011401653289795;1.6068274974822998;1.0;2.0;2.011401653289795;1.6068274974822998;1.0;1.0;0.5;1000.0;-1000.0;0.0
612000.0;2.011401653289795;1.6068274974822998;1.0;2.0;2.011401653289795;1.6068274974822998;1.0;1.0;0.5;1000.0;-1000.0;0.0
615600.0;2.011401653289795;1.6068274974822998;1.0;2.0;2.011401653289795;1.6068274974822998;1.0;1.0;0.5;1000.0;-1000.0;0.0
619200.0;2.011401653289795;1.6068274974822998;1.0;2.0;2.011401653289795;1.6068274974822998;1.0;1.0;0.5;1000.0;-1000.0;0.0
622800.0;2.011401653289795;1.6068274974822998;1.0;2.0;2.011401653289795;1.6068274974822998;1.0;1.0;0.5;1000.0;-1000.0;0.0
626400.0;2.011401653289795;1.6068274974822998;1.0;2.0;2.011401653289795;1.6068274974822998;1.0;1.0;0.5;1000.0;-1000.0;0.0
630000.0;2.011401653289795;1.6068274974822998;1.0;2.0;2.011401653289795;1.6068274974822998;1.0;1.0;0.5;1000.0;-1000.0;0.0
633600.0;2.011401653289795;1.6068274974822998;1.0;2.0;2.011401653289795;1.6068274974822998;1.0;1.0;0.5;1000.0;-1000.0;0.0
637200.0;2.011401653289795;1.6068274974822998;1.0;2.0;2.011401653289795;1.6068274974822998;1.0;1.0;0.5;1000.0;-1000.0;0.0
640800.0;2.011401653289795;1.6068274974822998;1.0;2.0;2.011401653289795;1.6068274974822998;1.0;1.0;0.5;1000.0;-1000.0;0.0
644400.0;2.011401653289795;1.6068274974822998;1.0;2.0;2.011401653289795;1.6068274974822998;1.0;1.0;0.5;1000.0;-1000.0;0.0
648000.0;2.011401653289795;1.6068274974822998;1.0;2.0;2.011401653289795;1.6068274974822998;1.0;1.0;0.5;1000.0;-1000.0;0.0
651600.0;1.858338713645935;1.5149909257888794;0.772222222222222;1.544444444444444;1.858338713645935;1.5149909257888794;0.772222222222222;1.0;0.5;1000.0;-1000.0;0.0
655200.0;1.541013240814209;1.324597954750061;0.3;0.6;1.541013240814209;1.324597954750061;0.3;1.0;0.5;1000.0;-1000.0;0.0
658800.0;1.541013240814209;1.324597954750061;0.3;0.6;1.541013240814209;1.324597954750061;0.3;1.0;0.5;1000.0;-1000.0;0.0
662400.0;1.541013240814209;1.324597954750061;0.3;0.6;1.541013240814209;1.324597954750061;0.3;1.0;0.5;1000.0;-1000.0;0.0
666000.0;1.541013240814209;1.324597954750061;0.3;0.6;1.541013240814209;1.324597954750061;0.3;1.0;0.5;1000.0;-1000.0;0.0
669600.0;1.541013240814209;1.324597954750061;0.3;0.6;1.541013240814209;1.324597954750061;0.3;1.0;0.5;1000.0;-1000.0;0.0
673200.0;1.541013240814209;1.324597954750061;0.3;0.6;1.541013240814209;1.324597954750061;0.3;1.0;0.5;1000.0;-1000.0;0.0
676800.0;1.541013240814209;1.324597954750061;0.3;0.6;1.541013240814209;1.324597954750061;0.3;1.0;0.5;1000.0;-1000.0;0.0
680400.0;1.5882620811462402;1.3529468774795532;0.3703125;0.740625;1.5882620811462402;1.3529468774795532;0.3703125;1.0;0.5;1000.0;-1000.0;0.0
684000.0;1.9862022399902344;1.5917080640792847;0.9625;1.925;1.9862022399902344;1.5917080640792847;0.9625;1.0;0.5;1000.0;-1000.0;0.0
687600.0;2.011401653289795;1.6068274974822998;1.0;2.0;2.011401653289795;1.6068274974822998;1.0;1.0;0.5;1000.0;-1000.0;0.0
691200.0;1.7314085960388184;1.4388337135314941;0.583333333333333;1.166666666666666;1.7314085960388184;1.4388337135314941;0.583333333333333;1.0;0.5;1000.0;-1000.0;0.0
694800.0;1.608211636543274;1.364916443824768;0.4;0.8;1.608211636543274;1.364916443824768;0.4;1.0;0.5;1000.0;-1000.0;0.0
698400.0;1.608211636543274;1.364916443824768;0.4;0.8;1.608211636543274;1.364916443824768;0.4;1.0;0.5;1000.0;-1000.0;0.0
702000.0;1.608211636543274;1.364916443824768;0.4;0.8;1.608211636543274;1.364916443824768;0.4;1.0;0.5;1000.0;-1000.0;0.0
705600.0;1.608211636543274;1.364916443824768;0.4;0.8;1.608211636543274;1.364916443824768;0.4;1.0;0.5;1000.0;-1000.0;0.0
709200.0;1.608211636543274;1.364916443824768;0.4;0.8;1.608211636543274;1.364916443824768;0.4;1.0;0.5;1000.0;-1000.0;0.0
712800.0;1.608211636543274;1.364916443824768;0.4;0.8;1.608211636543274;1.364916443824768;0.4;1.0;0.5;1000.0;-1000.0;0.0
716400.0;1.608211636543274;1.364916443824768;0.4;0.8;1.608211636543274;1.364916443824768;0.4;1.0;0.5;1000.0;-1000.0;0.0
720000.0;1.8335236310958862;1.5001020431518555;0.735294117647058;1.470588235294116;1.8335236310958862;1.5001020431518555;0.735294117647058;1.0;0.5;1000.0;-1000.0;0.0
723600.0;2.011401653289795;1.6068274974822998;1.0;2.0;2.011401653289795;1.6068274974822998;1.0;1.0;0.5;1000.0;-1000.0;0.0
727200.0;1.8434057235717773;1.5060312747955322;0.75;1.5;1.8434057235717773;1.5060312747955322;0.75;1.0;0.5;1000.0;-1000.0;0.0
730800.0;1.608211636543274;1.364916443824768;0.4;0.8;1.608211636543274;1.364916443824768;0.4;1.0;0.5;1000.0;-1000.0;0.0
734400.0;1.608211636543274;1.364916443824768;0.4;0.8;1.608211636543274;1.364916443824768;0.4;1.0;0.5;1000.0;-1000.0;0.0
738000.0;1.608211636543274;1.364916443824768;0.4;0.8;1.608211636543274;1.364916443824768;0.4;1.0;0.5;1000.0;-1000.0;0.0
741600.0;1.608211636543274;1.364916443824768;0.4;0.8;1.608211636543274;1.364916443824768;0.4;1.0;0.5;1000.0;-1000.0;0.0
745200.0;1.608211636543274;1.364916443824768;0.4;0.8;1.608211636543274;1.364916443824768;0.4;1.0;0.5;1000.0;-1000.0;0.0
748800.0;1.608211636543274;1.364916443824768;0.4;0.8;1.608211636543274;1.364916443824768;0.4;1.0;0.5;1000.0;-1000.0;0.0
752400.0;1.608211636543274;1.364916443824768;0.4;0.8;1.608211636543274;1.364916443824768;0.4;1.0;0.5;1000.0;-1000.0;0.0
756000.0;1.7314085960388184;1.4388337135314941;0.583333333333333;1.166666666666666;1.7314085960388184;1.4388337135314941;0.583333333333333;1.0;0.5;1000.0;-1000.0;0.0
759600.0;2.011401653289795;1.6068274974822998;1.0;2.0;2.011401653289795;1.6068274974822998;1.0;1.0;0.5;1000.0;-1000.0;0.0
763200.0;2.011401653289795;1.6068274974822998;1.0;2.0;2.011401653289795;1.6068274974822998;1.0;1.0;0.5;1000.0;-1000.0;0.0
766800.0;2.011401653289795;1.6068274974822998;1.0;2.0;2.011401653289795;1.6068274974822998;1.0;1.0;0.5;1000.0;-1000.0;0.0
770400.0;2.011401653289795;1.6068274974822998;1.0;2.0;2.011401653289795;1.6068274974822998;1.0;1.0;0.5;1000.0;-1000.0;0.0
774000.0;2.011401653289795;1.6068274974822998;1.0;2.0;2.011401653289795;1.6068274974822998;1.0;1.0;0.5;1000.0;-1000.0;0.0
777600.0;2.011401653289795;1.6068274974822998;1.0;2.0;2.011401653289795;1.6068274974822998;1.0;1.0;0.5;1000.0;-1000.0;0.0
781200.0;2.011401653289795;1.6068274974822998;1.0;2.0;2.011401653289795;1.6068274974822998;1.0;1.0;0.5;1000.0;-1000.0;0.0
784800.0;2.011401653289795;1.6068274974822998;1.0;2.0;2.011401653289795;1.6068274974822998;1.0;1.0;0.5;1000.0;-1000.0;0.0
788400.0;2.011401653289795;1.6068274974822998;1.0;2.0;2.011401653289795;1.6068274974822998;1.0;1.0;0.5;1000.0;-1000.0;0.0
792000.0;2.011401653289795;1.6068274974822998;1.0;2.0;2.011401653289795;1.6068274974822998;1.0;1.0;0.5;1000.0;-1000.0;0.0
795600.0;2.011401653289795;1.6068274974822998;1.0;2.0;2.011401653289795;1.6068274974822998;1.0;1.0;0.5;1000.0;-1000.0;0.0
799200.0;2.011401653289795;1.6068274974822998;1.0;2.0;2.011401653289795;1.6068274974822998;1.0;1.0;0.5;1000.0;-1000.0;0.0
802800.0;1.9979019165039062;1.598727822303772;0.979910714285714;1.959821428571428;1.9979019165039062;1.598727822303772;0.979910714285714;1.0;0.5;1000.0;-1000.0;0.0
806400.0;1.7246274948120117;1.434765100479126;0.5732421875;1.146484375;1.7246274948120117;1.434765100479126;0.5732421875;1.0;0.5;1000.0;-1000.0;0.0
810000.0;1.6754099130630493;1.405234932899475;0.5;1.0;1.6754099130630493;1.405234932899475;0.5;1.0;0.5;1000.0;-1000.0;0.0
813600.0;1.6754099130630493;1.405234932899475;0.5;1.0;1.6754099130630493;1.405234932899475;0.5;1.0;0.5;1000.0;-1000.0;0.0
817200.0;1.6754099130630493;1.405234932899475;0.5;1.0;1.6754099130630493;1.405234932899475;0.5;1.0;0.5;1000.0;-1000.0;0.0
820800.0;1.6754099130630493;1.405234932899475;0.5;1.0;1.6754099130630493;1.405234932899475;0.5;1.0;0.5;1000.0;-1000.0;0.0
824400.0;1.6754099130630493;1.405234932899475;0.5;1.0;1.6754099130630493;1.405234932899475;0.5;1.0;0.5;1000.0;-1000.0;0.0
828000.0;1.6754099130630493;1.405234932899475;0.5;1.0;1.6754099130630493;1.405234932899475;0.5;1.0;0.5;1000.0;-1000.0;0.0
831600.0;1.6754099130630493;1.405234932899475;0.5;1.0;1.6754099130630493;1.405234932899475;0.5;1.0;0.5;1000.0;-1000.0;0.0
835200.0;1.8737998008728027;1.5242674350738525;0.795230263157894;1.590460526315788;1.8737998008728027;1.5242674350738525;0.795230263157894;1.0;0.5;1000.0;-1000.0;0.0
838800.0;2.011401653289795;1.6068274974822998;1.0;2.0;2.011401653289795;1.6068274974822998;1.0;1.0;0.5;1000.0;-1000.0;0.0
842400.0;2.011401653289795;1.6068274974822998;1.0;2.0;2.011401653289795;1.6068274974822998;1.0;1.0;0.5;1000.0;-1000.0;0.0
846000.0;2.011401653289795;1.6068274974822998;1.0;2.0;2.011401653289795;1.6068274974822998;1.0;1.0;0.5;1000.0;-1000.0;0.0
849600.0;2.011401653289795;1.6068274974822998;1.0;2.0;2.011401653289795;1.6068274974822998;1.0;1.0;0.5;1000.0;-1000.0;0.0
853200.0;2.011401653289795;1.6068274974822998;1.0;2.0;2.011401653289795;1.6068274974822998;1.0;1.0;0.5;1000.0;-1000.0;0.0
856800.0;2.011401653289795;1.6068274974822998;1.0;2.0;2.011401653289795;1.6068274974822998;1.0;1.0;0.5;1000.0;-1000.0;0.0
860400.0;2.011401653289795;1.6068274974822998;1.0;2.0;2.011401653289795;1.6068274974822998;1.0;1.0;0.5;1000.0;-1000.0;0.0
864000.0;2.011401653289795;1.6068274974822998;1.0;2.0;2.011401653289795;1.6068274974822998;1.0;1.0;0.5;1000.0;-1000.0;0.0
867600.0;2.011401653289795;1.6068274974822998;1.0;2.0;2.011401653289795;1.6068274974822998;1.0;1.0;0.5;1000.0;-1000.0;0.0
871200.0;2.011401653289795;1.6068274974822998;1.0;2.0;2.011401653289795;1.6068274974822998;1.0;1.0;0.5;1000.0;-1000.0;0.0
874800.0;2.011401653289795;1.6068274974822998;1.0;2.0;2.011401653289795;1.6068274974822998;1.0;1.0;0.5;1000.0;-1000.0;0.0
878400.0;2.011401653289795;1.6068274974822998;1.0;2.0;2.011401653289795;1.6068274974822998;1.0;1.0;0.5;1000.0;-1000.0;0.0
882000.0;2.011401653289795;1.6068274974822998;1.0;2.0;2.011401653289795;1.6068274974822998;1.0;1.0;0.5;1000.0;-1000.0;0.0
885600.0;2.011401653289795;1.6068274974822998;1.0;2.0;2.011401653289795;1.6068274974822998;1.0;1.0;0.5;1000.0;-1000.0;0.0
889200.0;2.011401653289795;1.6068274974822998;1.0;2.0;2.011401653289795;1.6068274974822998;1.0;1.0;0.5;1000.0;-1000.0;0.0
892800.0;2.011401653289795;1.6068274974822998;1.0;2.0;2.011401653289795;1.6068274974822998;1.0;1.0;0.5;1000.0;-1000.0;0.0
896400.0;2.011401653289795;1.6068274974822998;1.0;2.0;2.011401653289795;1.6068274974822998;1.0;1.0;0.5;1000.0;-1000.0;0.0
900000.0;1.9106041193008423;1.5463497638702393;0.85;1.7;1.9106041193008423;1.5463497638702393;0.85;1.0;0.5;1000.0;-1000.0;0.0
903600.0;1.8098065853118896;1.4858720302581787;0.7;1.4;1.8098065853118896;1.4858720302581787;0.7;1.0;0.5;1000.0;-1000.0;0.0
907200.0;1.8098065853118896;1.4858720302581787;0.7;1.4;1.8098065853118896;1.4858720302581787;0.7;1.0;0.5;1000.0;-1000.0;0.0
910800.0;1.8098065853118896;1.4858720302581787;0.7;1.4;1.8098065853118896;1.4858720302581787;0.7;1.0;0.5;1000.0;-1000.0;0.0
914400.0;1.8098065853118896;1.4858720302581787;0.7;1.4;1.8098065853118896;1.4858720302581787;0.7;1.0;0.5;1000.0;-1000.0;0.0
918000.0;1.8098065853118896;1.4858720302581787;0.7;1.4;1.8098065853118896;1.4858720302581787;0.7;1.0;0.5;1000.0;-1000.0;0.0
921600.0;1.8971643447875977;1.5382859706878662;0.83;1.66;1.8971643447875977;1.5382859706878662;0.83;1.0;0.5;1000.0;-1000.0;0.0
925200.0;2.011401653289795;1.6068274974822998;1.0;2.0;2.011401653289795;1.6068274974822998;1.0;1.0;0.5;1000.0;-1000.0;0.0
928800.0;2.011401653289795;1.6068274974822998;1.0;2.0;2.011401653289795;1.6068274974822998;1.0;1.0;0.5;1000.0;-1000.0;0.0
932400.0;2.011401653289795;1.6068274974822998;1.0;2.0;2.011401653289795;1.6068274974822998;1.0;1.0;0.5;1000.0;-1000.0;0.0
936000.0;2.011401653289795;1.6068274974822998;1.0;2.0;2.011401653289795;1.6068274974822998;1.0;1.0;0.5;1000.0;-1000.0;0.0
939600.0;2.011401653289795;1.6068274974822998;1.0;2.0;2.011401653289795;1.6068274974822998;1.0;1.0;0.5;1000.0;-1000.0;0.0
943200.0;2.011401653289795;1.6068274974822998;1.0;2.0;2.011401653289795;1.6068274974822998;1.0;1.0;0.5;1000.0;-1000.0;0.0
946800.0;2.011401653289795;1.6068274974822998;1.0;2.0;2.011401653289795;1.6068274974822998;1.0;1.0;0.5;1000.0;-1000.0;0.0
950400.0;2.011401653289795;1.6068274974822998;1.0;2.0;2.011401653289795;1.6068274974822998;1.0;1.0;0.5;1000.0;-1000.0;0.0
954000.0;2.011401653289795;1.6068274974822998;1.0;2.0;2.011401653289795;1.6068274974822998;1.0;1.0;0.5;1000.0;-1000.0;0.0
957600.0;2.011401653289795;1.6068274974822998;1.0;2.0;2.011401653289795;1.6068274974822998;1.0;1.0;0.5;1000.0;-1000.0;0.0
961200.0;2.011401653289795;1.6068274974822998;1.0;2.0;2.011401653289795;1.6068274974822998;1.0;1.0;0.5;1000.0;-1000.0;0.0
964800.0;2.011401653289795;1.6068274974822998;1.0;2.0;2.011401653289795;1.6068274974822998;1.0;1.0;0.5;1000.0;-1000.0;0.0
968400.0;2.011401653289795;1.6068274974822998;1.0;2.0;2.011401653289795;1.6068274974822998;1.0;1.0;0.5;1000.0;-1000.0;0.0
972000.0;2.011401653289795;1.6068274974822998;1.0;2.0;2.011401653289795;1.6068274974822998;1.0;1.0;0.5;1000.0;-1000.0;0.0
975600.0;2.011401653289795;1.6068274974822998;1.0;2.0;2.011401653289795;1.6068274974822998;1.0;1.0;0.5;1000.0;-1000.0;0.0
979200.0;2.011401653289795;1.6068274974822998;1.0;2.0;2.011401653289795;1.6068274974822998;1.0;1.0;0.5;1000.0;-1000.0;0.0
982800.0;2.011401653289795;1.6068274974822998;1.0;2.0;2.011401653289795;1.6068274974822998;1.0;1.0;0.5;1000.0;-1000.0;0.0
986400.0;2.011401653289795;1.6068274974822998;1.0;2.0;2.011401653289795;1.6068274974822998;1.0;1.0;0.5;1000.0;-1000.0;0.0
990000.0;2.011401653289795;1.6068274974822998;1.0;2.0;2.011401653289795;1.6068274974822998;1.0;1.0;0.5;1000.0;-1000.0;0.0
993600.0;2.011401653289795;1.6068274974822998;1.0;2.0;2.011401653289795;1.6068274974822998;1.0;1.0;0.5;1000.0;-1000.0;0.0
997200.0;2.011401653289795;1.6068274974822998;1.0;2.0;2.011401653289795;1.6068274974822998;1.0;1.0;0.5;1000.0;-1000.0;0.0
1000800.0;2.011401653289795;1.6068274974822998;1.0;2.0;2.011401653289795;1.6068274974822998;1.0;1.0;0.5;1000.0;-1000.0;0.0
1004400.0;2.011401653289795;1.6068274974822998;1.0;2.0;2.011401653289795;1.6068274974822998;1.0;1.0;0.5;1000.0;-1000.0;0.0
1008000.0;2.011401653289795;1.6068274974822998;1.0;2.0;2.011401653289795;1.6068274974822998;1.0;1.0;0.5;1000.0;-1000.0;0.0
1011600.0;2.011401653289795;1.6068274974822998;1.0;2.0;2.011401653289795;1.6068274974822998;1.0;1.0;0.5;1000.0;-1000.0;0.0
1015200.0;2.011401653289795;1.6068274974822998;1.0;2.0;2.011401653289795;1.6068274974822998;1.0;1.0;0.5;1000.0;-1000.0;0.0
1018800.0;2.011401653289795;1.6068274974822998;1.0;2.0;2.011401653289795;1.6068274974822998;1.0;1.0;0.5;1000.0;-1000.0;0.0
1022400.0;2.011401653289795;1.6068274974822998;1.0;2.0;2.011401653289795;1.6068274974822998;1.0;1.0;0.5;1000.0;-1000.0;0.0
1026000.0;2.011401653289795;1.6068274974822998;1.0;2.0;2.011401653289795;1.6068274974822998;1.0;1.0;0.5;1000.0;-1000.0;0.0
1029600.0;2.011401653289795;1.6068274974822998;1.0;2.0;2.011401653289795;1.6068274974822998;1.0;1.0;0.5;1000.0;-1000.0;0.0
1033200.0;2.011401653289795;1.6068274974822998;1.0;2.0;2.011401653289795;1.6068274974822998;1.0;1.0;0.5;1000.0;-1000.0;0.0
1036800.0;2.011401653289795;1.6068274974822998;1.0;2.0;2.011401653289795;1.6068274974822998;1.0;1.0;0.5;1000.0;-1000.0;0.0
1040400.0;2.011401653289795;1.6068274974822998;1.0;2.0;2.011401653289795;1.6068274974822998;1.0;1.0;0.5;1000.0;-1000.0;0.0
1044000.0;2.011401653289795;1.6068274974822998;1.0;2.0;2.011401653289795;1.6068274974822998;1.0;1.0;0.5;1000.0;-1000.0;0.0
1047600.0;2.011401653289795;1.6068274974822998;1.0;2.0;2.011401653289795;1.6068274974822998;1.0;1.0;0.5;1000.0;-1000.0;0.0
1051200.0;2.011401653289795;1.6068274974822998;1.0;2.0;2.011401653289795;1.6068274974822998;1.0;1.0;0.5;1000.0;-1000.0;0.0
1054800.0;2.011401653289795;1.6068274974822998;1.0;2.0;2.011401653289795;1.6068274974822998;1.0;1.0;0.5;1000.0;-1000.0;0.0
1058400.0;2.011401653289795;1.6068274974822998;1.0;2.0;2.011401653289795;1.6068274974822998;1.0;1.0;0.5;1000.0;-1000.0;0.0
1062000.0;2.011401653289795;1.6068274974822998;1.0;2.0;2.011401653289795;1.6068274974822998;1.0;1.0;0.5;1000.0;-1000.0;0.0
1065600.0;2.011401653289795;1.6068274974822998;1.0;2.0;2.011401653289795;1.6068274974822998;1.0;1.0;0.5;1000.0;-1000.0;0.0
1069200.0;2.011401653289795;1.6068274974822998;1.0;2.0;2.011401653289795;1.6068274974822998;1.0;1.0;0.5;1000.0;-1000.0;0.0
1072800.0;2.011401653289795;1.6068274974822998;1.0;2.0;2.011401653289795;1.6068274974822998;1.0;1.0;0.5;1000.0;-1000.0;0.0
1076400.0;2.011401653289795;1.6068274974822998;1.0;2.0;2.011401653289795;1.6068274974822998;1.0;1.0;0.5;1000.0;-1000.0;0.0
1080000.0;2.011401653289795;1.6068274974822998;1.0;2.0;2.011401653289795;1.6068274974822998;1.0;1.0;0.5;1000.0;-1000.0;0.0
1083600.0;2.011401653289795;1.6068274974822998;1.0;2.0;2.011401653289795;1.6068274974822998;1.0;1.0;0.5;1000.0;-1000.0;0.0
1087200.0;2.011401653289795;1.6068274974822998;1.0;2.0;2.011401653289795;1.6068274974822998;1.0;1.0;0.5;1000.0;-1000.0;0.0
1090800.0;2.011401653289795;1.6068274974822998;1.0;2.0;2.011401653289795;1.6068274974822998;1.0;1.0;0.5;1000.0;-1000.0;0.0
1094400.0;2.011401653289795;1.6068274974822998;1.0;2.0;2.011401653289795;1.6068274974822998;1.0;1.0;0.5;1000.0;-1000.0;0.0
1098000.0;2.011401653289795;1.6068274974822998;1.0;2.0;2.011401653289795;1.6068274974822998;1.0;1.0;0.5;1000.0;-1000.0;0.0
1101600.0;2.011401653289795;1.6068274974822998;1.0;2.0;2.011401653289795;1.6068274974822998;1.0;1.0;0.5;1000.0;-1000.0;0.0
1105200.0;2.011401653289795;1.6068274974822998;1.0;2.0;2.011401653289795;1.6068274974822998;1.0;1.0;0.5;1000.0;-1000.0;0.0
1108800.0;2.011401653289795;1.6068274974822998;1.0;2.0;2.011401653289795;1.6068274974822998;1.0;1.0;0.5;1000.0;-1000.0;0.0
1112400.0;2.011401653289795;1.6068274974822998;1.0;2.0;2.011401653289795;1.6068274974822998;1.0;1.0;0.5;1000.0;-1000.0;0.0
1116000.0;2.011401653289795;1.6068274974822998;1.0;2.0;2.011401653289795;1.6068274974822998;1.0;1.0;0.5;1000.0;-1000.0;0.0
1119600.0;2.011401653289795;1.6068274974822998;1.0;2.0;2.011401653289795;1.6068274974822998;1.0;1.0;0.5;1000.0;-1000.0;0.0
1123200.0;2.011401653289795;1.6068274974822998;1.0;2.0;2.011401653289795;1.6068274974822998;1.0;1.0;0.5;1000.0;-1000.0;0.0
1126800.0;2.011401653289795;1.6068274974822998;1.0;2.0;2.011401653289795;1.6068274974822998;1.0;1.0;0.5;1000.0;-1000.0;0.0
1130400.0;2.011401653289795;1.6068274974822998;1.0;2.0;2.011401653289795;1.6068274974822998;1.0;1.0;0.5;1000.0;-1000.0;0.0
1134000.0;2.011401653289795;1.6068274974822998;1.0;2.0;2.011401653289795;1.6068274974822998;1.0;1.0;0.5;1000.0;-1000.0;0.0
1137600.0;2.011401653289795;1.6068274974822998;1.0;2.0;2.011401653289795;1.6068274974822998;1.0;1.0;0.5;1000.0;-1000.0;0.0
1141200.0;2.011401653289795;1.6068274974822998;1.0;2.0;2.011401653289795;1.6068274974822998;1.0;1.0;0.5;1000.0;-1000.0;0.0
1144800.0;2.011401653289795;1.6068274974822998;1.0;2.0;2.011401653289795;1.6068274974822998;1.0;1.0;0.5;1000.0;-1000.0;0.0
1148400.0;2.011401653289795;1.6068274974822998;1.0;2.0;2.011401653289795;1.6068274974822998;1.0;1.0;0.5;1000.0;-1000.0;0.0
1152000.0;2.011401653289795;1.6068274974822998;1.0;2.0;2.011401653289795;1.6068274974822998;1.0;1.0;0.5;1000.0;-1000.0;0.0
1155600.0;2.011401653289795;1.6068274974822998;1.0;2.0;2.011401653289795;1.6068274974822998;1.0;1.0;0.5;1000.0;-1000.0;0.0
1159200.0;2.011401653289795;1.6068274974822998;1.0;2.0;2.011401653289795;1.6068274974822998;1.0;1.0;0.5;1000.0;-1000.0;0.0
1162800.0;2.011401653289795;1.6068274974822998;1.0;2.0;2.011401653289795;1.6068274974822998;1.0;1.0;0.5;1000.0;-1000.0;0.0
1166400.0;2.011401653289795;1.6068274974822998;1.0;2.0;2.011401653289795;1.6068274974822998;1.0;1.0;0.5;1000.0;-1000.0;0.0
1170000.0;1.880957841873169;1.5285621881484985;0.805882352941176;1.611764705882352;1.880957841873169;1.5285621881484985;0.805882352941176;1.0;0.5;1000.0;-1000.0;0.0
1173600.0;1.608211636543274;1.364916443824768;0.4;0.8;1.608211636543274;1.364916443824768;0.4;1.0;0.5;1000.0;-1000.0;0.0
1177200.0;1.608211636543274;1.364916443824768;0.4;0.8;1.608211636543274;1.364916443824768;0.4;1.0;0.5;1000.0;-1000.0;0.0
1180800.0;1.608211636543274;1.364916443824768;0.4;0.8;1.608211636543274;1.364916443824768;0.4;1.0;0.5;1000.0;-1000.0;0.0
1184400.0;1.608211636543274;1.364916443824768;0.4;0.8;1.608211636543274;1.364916443824768;0.4;1.0;0.5;1000.0;-1000.0;0.0
1188000.0;1.608211636543274;1.364916443824768;0.4;0.8;1.608211636543274;1.364916443824768;0.4;1.0;0.5;1000.0;-1000.0;0.0
1191600.0;1.608211636543274;1.364916443824768;0.4;0.8;1.608211636543274;1.364916443824768;0.4;1.0;0.5;1000.0;-1000.0;0.0
1195200.0;1.608211636543274;1.364916443824768;0.4;0.8;1.608211636543274;1.364916443824768;0.4;1.0;0.5;1000.0;-1000.0;0.0
1198800.0;1.670468807220459;1.4022704362869263;0.492647058823529;0.985294117647058;1.670468807220459;1.4022704362869263;0.492647058823529;1.0;0.5;1000.0;-1000.0;0.0
1202400.0;2.0075247287750244;1.6045013666152954;0.994230769230769;1.988461538461538;2.0075247287750244;1.6045013666152954;0.994230769230769;1.0;0.5;1000.0;-1000.0;0.0
1206000.0;2.011401653289795;1.6068274974822998;1.0;2.0;2.011401653289795;1.6068274974822998;1.0;1.0;0.5;1000.0;-1000.0;0.0
1209600.0;1.7090091705322266;1.4253942966461182;0.55;1.1;1.7090091705322266;1.4253942966461182;0.55;1.0;0.5;1000.0;-1000.0;0.0
1213200.0;1.608211636543274;1.364916443824768;0.4;0.8;1.608211636543274;1.364916443824768;0.4;1.0;0.5;1000.0;-1000.0;0.0
1216800.0;1.608211636543274;1.364916443824768;0.4;0.8;1.608211636543274;1.364916443824768;0.4;1.0;0.5;1000.0;-1000.0;0.0
1220400.0;1.608211636543274;1.364916443824768;0.4;0.8;1.608211636543274;1.364916443824768;0.4;1.0;0.5;1000.0;-1000.0;0.0
1224000.0;1.608211636543274;1.364916443824768;0.4;0.8;1.608211636543274;1.364916443824768;0.4;1.0;0.5;1000.0;-1000.0;0.0
1227600.0;1.608211636543274;1.364916443824768;0.4;0.8;1.608211636543274;1.364916443824768;0.4;1.0;0.5;1000.0;-1000.0;0.0
1231200.0;1.608211636543274;1.364916443824768;0.4;0.8;1.608211636543274;1.364916443824768;0.4;1.0;0.5;1000.0;-1000.0;0.0
1234800.0;1.608211636543274;1.364916443824768;0.4;0.8;1.608211636543274;1.364916443824768;0.4;1.0;0.5;1000.0;-1000.0;0.0
1238400.0;1.8572406768798828;1.5143320560455322;0.770588235294117;1.541176470588234;1.8572406768798828;1.5143320560455322;0.770588235294117;1.0;0.5;1000.0;-1000.0;0.0
1242000.0;2.011401653289795;1.6068274974822998;1.0;2.0;2.011401653289795;1.6068274974822998;1.0;1.0;0.5;1000.0;-1000.0;0.0
1245600.0;1.8210062980651855;1.4925917387008667;0.716666666666666;1.433333333333332;1.8210062980651855;1.4925917387008667;0.716666666666666;1.0;0.5;1000.0;-1000.0;0.0
1249200.0;1.608211636543274;1.364916443824768;0.4;0.8;1.608211636543274;1.364916443824768;0.4;1.0;0.5;1000.0;-1000.0;0.0
1252800.0;1.608211636543274;1.364916443824768;0.4;0.8;1.608211636543274;1.364916443824768;0.4;1.0;0.5;1000.0;-1000.0;0.0
1256400.0;1.608211636543274;1.364916443824768;0.4;0.8;1.608211636543274;1.364916443824768;0.4;1.0;0.5;1000.0;-1000.0;0.0
1260000.0;1.608211636543274;1.364916443824768;0.4;0.8;1.608211636543274;1.364916443824768;0.4;1.0;0.5;1000.0;-1000.0;0.0
1263600.0;1.608211636543274;1.364916443824768;0.4;0.8;1.608211636543274;1.364916443824768;0.4;1.0;0.5;1000.0;-1000.0;0.0
1267200.0;1.608211636543274;1.364916443824768;0.4;0.8;1.608211636543274;1.364916443824768;0.4;1.0;0.5;1000.0;-1000.0;0.0
1270800.0;1.608211636543274;1.364916443824768;0.4;0.8;1.608211636543274;1.364916443824768;0.4;1.0;0.5;1000.0;-1000.0;0.0
1274400.0;1.7386554479599;1.4431817531585693;0.594117647058823;1.188235294117646;1.7386554479599;1.4431817531585693;0.594117647058823;1.0;0.5;1000.0;-1000.0;0.0
1278000.0;2.011401653289795;1.6068274974822998;1.0;2.0;2.011401653289795;1.6068274974822998;1.0;1.0;0.5;1000.0;-1000.0;0.0
1281600.0;2.011401653289795;1.6068274974822998;1.0;2.0;2.011401653289795;1.6068274974822998;1.0;1.0;0.5;1000.0;-1000.0;0.0
1285200.0;1.9735058546066284;1.5840903520584106;0.943606138107416;1.887212276214832;1.9735058546066284;1.5840903520584106;0.943606138107416;1.0;0.5;1000.0;-1000.0;0.0
1288800.0;1.6069130897521973;1.3641374111175537;0.398067632850241;0.796135265700482;1.6069130897521973;1.3641374111175537;0.398067632850241;1.0;0.5;1000.0;-1000.0;0.0
1292400.0;1.541013240814209;1.324597954750061;0.3;0.6;1.541013240814209;1.324597954750061;0.3;1.0;0.5;1000.0;-1000.0;0.0
1296000.0;1.541013240814209;1.324597954750061;0.3;0.6;1.541013240814209;1.324597954750061;0.3;1.0;0.5;1000.0;-1000.0;0.0
1299600.0;1.541013240814209;1.324597954750061;0.3;0.6;1.541013240814209;1.324597954750061;0.3;1.0;0.5;1000.0;-1000.0;0.0
1303200.0;1.541013240814209;1.324597954750061;0.3;0.6;1.541013240814209;1.324597954750061;0.3;1.0;0.5;1000.0;-1000.0;0.0
1306800.0;1.541013240814209;1.324597954750061;0.3;0.6;1.541013240814209;1.324597954750061;0.3;1.0;0.5;1000.0;-1000.0;0.0
1310400.0;1.541013240814209;1.324597954750061;0.3;0.6;1.541013240814209;1.324597954750061;0.3;1.0;0.5;1000.0;-1000.0;0.0
1314000.0;1.541013240814209;1.324597954750061;0.3;0.6;1.541013240814209;1.324597954750061;0.3;1.0;0.5;1000.0;-1000.0;0.0
1317600.0;1.7943350076675415;1.4765892028808594;0.67697628458498;1.35395256916996;1.7943350076675415;1.4765892028808594;0.67697628458498;1.0;0.5;1000.0;-1000.0;0.0
1321200.0;2.011401653289795;1.6068274974822998;1.0;2.0;2.011401653289795;1.6068274974822998;1.0;1.0;0.5;1000.0;-1000.0;0.0
1324800.0;2.011401653289795;1.6068274974822998;1.0;2.0;2.011401653289795;1.6068274974822998;1.0;1.0;0.5;1000.0;-1000.0;0.0
1328400.0;2.011401653289795;1.6068274974822998;1.0;2.0;2.011401653289795;1.6068274974822998;1.0;1.0;0.5;1000.0;-1000.0;0.0
1332000.0;2.011401653289795;1.6068274974822998;1.0;2.0;2.011401653289795;1.6068274974822998;1.0;1.0;0.5;1000.0;-1000.0;0.0
1335600.0;2.011401653289795;1.6068274974822998;1.0;2.0;2.011401653289795;1.6068274974822998;1.0;1.0;0.5;1000.0;-1000.0;0.0
1339200.0;2.011401653289795;1.6068274974822998;1.0;2.0;2.011401653289795;1.6068274974822998;1.0;1.0;0.5;1000.0;-1000.0;0.0
